Ticker,Financials,News Sentiment,AI Analysis,News Articles
AAPL,"{'Ticker': 'AAPL', 'Market Cap': 3492187734016, 'Revenue': 391034994688, 'Net Profit': 93736001536, 'Debt Ratio': 119058997248.0, 'PE Ratio': 36.899998, 'EPS': 6.3, 'Current Price': 232.47, '52 Week High': 260.1, '52 Week Low': 164.08}",0.0,"Apple Inc. (AAPL) has a dramatically huge market capitalization of $3.49 trillion, which indicates a strong investor belief in the company's long-term stability and growth prospects. With revenue close to $391 billion, the company's financial performance seems to demonstrate persistent growth and robustness. The company's net profit of $93.7 billion is large and encouraging too. 

The debt ratio, which is a solvency ratio indicating financial leverage or the portion of a business's assets financed by creditors, in Apple's case, is favorable too. This is further strengthened by the company's positive earnings per share (EPS) of 6.3, which indicates profitability.

The Price to Earnings (PE) ratio is a very popular metric for price multiple valuation. With the PE ratio of 36.9, the company is seen as 'overvalued' when compared to the market average PE ratio which hovers around 15. This typically means the company's earnings are less valuable for each dollar the firm makes in profit.

As for the stock's price, it currently stands at $232.47, with the 52-week high and low ranging from $260.10 and $164.08 respectively, suggesting the stock seeing significant volatility over the past year.

With the recent news, various investment and pension funds have shown interest in AAPL, which is usually a good sign indicating institutional investor confidence in the stock.

However, investing in any stock should be based on your own risk tolerance, investment horizon, and individual financial situation. As AAPL seems to be currently overvalued, you might want to wait for a better entry price. A price near its 52-week low could be an attractive entry point. After purchasing, a good exit strategy might involve setting a sell target at around its 52-week high, to realize potential profits. If the price falls significantly, you could also set a stop-loss order, a predetermined price at which we want to limit our losses, perhaps at a 10%-15% lower price than your purchase price.

Remember that stock investments should ideally be a part of a diversified portfolio to reduce risk exposure. It is important to continue monitoring the company's financial performance, as well as broader market and economic trends, to adjust your investment strategy as needed. Always consult with your financial advisor before making significant investment decisions.","[('Healthcare of Ontario Pension Plan Trust Fund Sells 1,818,885 Shares of Apple Inc. (NASDAQ:AAPL)', 'https://www.etfdailynews.com/2025/02/05/healthcare-of-ontario-pension-plan-trust-fund-sells-1818885-shares-of-apple-inc-nasdaqaapl/'), ('Insight Wealth Partners LLC Acquires 2,357 Shares of Apple Inc. (NASDAQ:AAPL)', 'https://www.etfdailynews.com/2025/02/05/insight-wealth-partners-llc-acquires-2357-shares-of-apple-inc-nasdaqaapl/'), ('Apple Inc. (NASDAQ:AAPL) Shares Bought by MetLife Investment Management LLC', 'https://www.etfdailynews.com/2025/02/05/apple-inc-nasdaqaapl-shares-bought-by-metlife-investment-management-llc/'), ('Carlson Capital Management Has $10.51 Million Stake in Apple Inc. (NASDAQ:AAPL)', 'https://www.etfdailynews.com/2025/02/05/carlson-capital-management-has-10-51-million-stake-in-apple-inc-nasdaqaapl/'), ('Apple Inc. (NASDAQ:AAPL) Stock Position Increased by NCP Inc.', 'https://www.etfdailynews.com/2025/02/05/apple-inc-nasdaqaapl-stock-position-increased-by-ncp-inc/')]"
TSLA,"{'Ticker': 'TSLA', 'Market Cap': 1216391413760, 'Revenue': 97150001152, 'Net Profit': 12743000064, 'Debt Ratio': 12782999552.0, 'PE Ratio': 185.37746, 'EPS': 2.04, 'Current Price': 378.17, '52 Week High': 488.54, '52 Week Low': 138.8}",0.02727272727272727,"The financial and recent news regarding Tesla Inc. (NASDAQ: TSLA) show a vibrant, active and in many ways positive circumstances. 

Financially:

- Tesla has a large market capitalization of over $1.21 trillion, showing it's a fundamentally strong company.
- The revenue of $97.15 billion indicates a large scale of operations and the net profit of $12.74 billion shows it's not just generating sales, but it's making significant profits after costs.
- The debt ratio is not provided in percentage terms, but in absolute numbers. However, considering Tesla's hefty income and market size, the debt does not seem to be a major concern here.
- The PE ratio is relatively high at 185.37, indicating an extremely high expectation for future growth among investors. It's a sign that the stock might be overvalued.
- The current EPS of 2.04 suggests a decent profitability per share.
- The stock's current price is less than its 52-week high, offering a potential discount if you believe in its future growth.

Recent News: 

Several investment firms have engaged in buying substantial amounts of Tesla shares, demonstrating their belief in the future potential of the stock. This is a positive signal for interested investors. 

In conclusion, while Tesla's financial health looks robust and its acceptance by a number of investment firms is encouraging, buying into this stock requires a belief in the company's future growth potential due to its high PE ratio. 

If you decide to invest, consider buying in tranches to mitigate risks associated with the stock's relatively higher price. Start purchasing at around $350, which is below the current price but still above the 52-week low. This offers some margin of safety.

Exit Strategy: It's crucial to identify at what point you would consider selling the shares. Given the volatility of this stock, consider setting a stop-loss order at approximately 10-15% below your average purchase price to limit potential losses. On the profit side, if the stock reaches a level that offers you a substantial profit, consider selling a portion of your holdings to lock in gains (e.g., if the price increases by 50-60% from your average entry price). 

Remember, this recommendation solely relies on the provided financial data and recent news and does not consider other macroeconomic or company-specific factors that could impact Tesla's performance. It’s important to do thorough research and, if necessary, consult your financial advisor before making investment decisions.","[('Capital Insight Partners LLC Takes $357,000 Position in Tesla, Inc. (NASDAQ:TSLA)', 'https://www.etfdailynews.com/2025/02/05/capital-insight-partners-llc-takes-357000-position-in-tesla-inc-nasdaqtsla/'), ('Brio Consultants LLC Makes New Investment in Tesla, Inc. (NASDAQ:TSLA)', 'https://www.etfdailynews.com/2025/02/05/brio-consultants-llc-makes-new-investment-in-tesla-inc-nasdaqtsla/'), ('Destiny Wealth Partners LLC Purchases 7,953 Shares of Tesla, Inc. (NASDAQ:TSLA)', 'https://www.etfdailynews.com/2025/02/05/destiny-wealth-partners-llc-purchases-7953-shares-of-tesla-inc-nasdaqtsla/'), ('Tesla, Inc. (NASDAQ:TSLA) Shares Bought by Symphony Financial Ltd. Co.', 'https://www.etfdailynews.com/2025/02/05/tesla-inc-nasdaqtsla-shares-bought-by-symphony-financial-ltd-co/'), ('China Universal Asset Management Co. Ltd. Purchases 7,618 Shares of Tesla, Inc. (NASDAQ:TSLA)', 'https://www.etfdailynews.com/2025/02/05/china-universal-asset-management-co-ltd-purchases-7618-shares-of-tesla-inc-nasdaqtsla/')]"
NVDA,"{'Ticker': 'NVDA', 'Market Cap': 3057086889984, 'Revenue': 96307003392, 'Net Profit': 53007998976, 'Debt Ratio': 10014999552.0, 'PE Ratio': 49.339924, 'EPS': 2.53, 'Current Price': 124.83, '52 Week High': 153.13, '52 Week Low': 66.248}",0.025,"Analyzing the financial data and recent news of Nvidia Corporation (NVDA), we note several positive aspects:

1. Market Cap: NVDA has a substantial market capitalization, indicating its dominance and influence within its sector.

2. Revenue and Net Profit: The company’s revenue and net profit figures are significant, indicating a firm and successful enterprise model.

3. Debt Ratio: The debt ratio is relatively low compared to its revenue and net profit, indicating NVDA has a strong financial footing.

4. PE Ratio and EPS: Despite its PE ratio being quite high, emphasizing that the stock might be overvalued, the company's EPS is solid, which is a sign of profitability.

From the recent news, it seems investors are aggressively buying NVDA's stock, and analysts are eyeing a 54% upside, which indicates optimism around the stock's potential for growth. Furthermore, the sell-off of shares from First Pacific Financial is standard in the stock market and not necessarily a negative indicator. It’s noteworthy that NVDA's shares are being acquired by a wealth management firm like Yarger Wealth Strategies LLC further buttressing the stock's positive outlook.

However, final investment decision should be based on individual financial goals, risk tolerance and investment horizon. 

If you decide to invest, consider buying at a price point lower than the current price of $124.83 to create a margin of safety. A potential entry point could be closer to the 52-week low of $66.248.

Exit Strategy:
You could consider selling when the price is near the 52-week high of $153.13. Monitor the PE ratio and check if it continues to increase, as a rising PE might be an indicator that the stock is becoming overvalued. Another factor could be any changes in the company's debt ratio, as a growing percentage could signal increased risk. 

It is important to complement this data analysis with other market research and potentially seek advice from a financial advisor to align the investment decision with your overall financial strategy.","[('Tech investors are aggressively buying the dip: Morning Brief', 'https://finance.yahoo.com/news/tech-investors-are-aggressively-buying-the-dip-morning-brief-110034264.html'), ('Wall St. Eyes 54% Upside in NVDA Stock as Options Traders Capitalize', 'https://finance.yahoo.com/news/wall-st-eyes-54-upside-101459893.html'), ('Transformative Adaptation: Excerpt', 'https://www.resilience.org/stories/2025-02-05/transformative-adaptation-excerpt/'), ('First Pacific Financial Sells 2,726 Shares of NVIDIA Co. (NASDAQ:NVDA)', 'https://www.etfdailynews.com/2025/02/05/first-pacific-financial-sells-2726-shares-of-nvidia-co-nasdaqnvda/'), ('NVIDIA Co. (NASDAQ:NVDA) Shares Acquired by Yarger Wealth Strategies LLC', 'https://www.etfdailynews.com/2025/02/05/nvidia-co-nasdaqnvda-shares-acquired-by-yarger-wealth-strategies-llc/')]"
